"2014-07-07 15:55:23",ian.clark@me.com,Clark,Ian,1
"2014-07-07 15:55:23",hank.jackson@msn.com,Jackson,Hank,2
"2014-07-07 15:55:23",hank.green@gmail.com,Green,Hank,3
"2014-07-07 15:55:23",leah.carter@msn.com,Carter,Leah,4
"2014-07-07 15:55:23",ed.allen@hotmail.com,Allen,Ed,6
"2014-07-07 15:55:23",francis.parker@freemail.com,Parker,Francis,7
"2014-07-07 15:55:23",kayla.jones@gmail.com,Jones,Kayla,8
"2014-07-07 15:55:24",earl.nelson@me.com,Nelson,Earl,9
"2014-07-07 15:55:24",gerald.evans@msn.com,Evans,Gerald,10
"2014-07-07 15:55:24",ed.rodriguez@gmail.com,Rodriguez,Ed,11
"2014-07-07 15:55:24",walden.evans@me.com,Evans,Walden,12
"2014-07-07 15:55:24",aaron.clark@gmail.com,Clark,Aaron,13
"2014-07-07 15:55:24",gregg.johnson@msn.com,Johnson,Gregg,14
"2014-07-07 15:55:24",harold.wilson@msn.com,Wilson,Harold,15
"2014-07-07 15:55:24",stanly.lewis@yahoo.com,Lewis,Stanly,16
"2014-07-07 15:55:24",chad.turner@gmail.com,Turner,Chad,17
"2014-07-07 15:55:24",lee.nelson@hotmail.com,Nelson,Lee,19
"2014-07-07 15:55:24",evan.moore@msn.com,Moore,Evan,20
"2014-07-07 15:55:24",gregg.lee@yahoo.com,Lee,Gregg,21
"2014-07-07 15:55:24",tim.campbell@me.com,Campbell,Tim,24
"2014-07-07 15:55:24",andre.garcia@freemail.com,Garcia,Andre,25
"2014-07-07 15:55:24",baron.thomas@gmail.com,Thomas,Baron,26
"2014-07-07 15:55:24",orton.lewis@msn.com,Lewis,Orton,27
"2014-07-07 15:55:24",darren.lopez@yahoo.com,Lopez,Darren,28
"2014-07-07 15:55:24",quinton.thomas@hotmail.com,Thomas,Quinton,29
"2014-07-07 15:55:24",alex.hernandez@gmail.com,Hernandez,Alex,30
"2014-07-07 15:55:24",clark.sanchez@freemail.com,Sanchez,Clark,31
"2014-07-07 15:55:24",noel.parker@hotmail.com,Parker,Noel,32
"2014-07-07 15:55:24",baron.walker@me.com,Walker,Baron,33
"2014-07-07 15:55:25",tyler.rodriguez@yahoo.com,Rodriguez,Tyler,34
"2014-07-07 15:55:25",noel.lewis@freemail.com,Lewis,Noel,35
"2014-07-07 15:55:25",maylene.wright@msn.com,Wright,Maylene,36
"2014-07-07 15:55:25",aaron.martinez@yahoo.com,Martinez,Aaron,37
"2014-07-07 15:55:25",chad.hill@msn.com,Hill,Chad,38
"2014-07-07 15:55:25",albert.allen@freemail.com,Allen,Albert,40
"2014-07-07 15:55:25",martin.wright@msn.com,Wright,Martin,43
"2014-07-07 15:55:25",greg.allen@yahoo.com,Allen,Greg,44
"2014-07-07 15:55:25",walden.jackson@freemail.com,Jackson,Walden,45
"2014-07-07 15:55:25",stephan.edwards@yahoo.com,Edwards,Stephan,46
"2014-07-07 15:55:25",walton.stewart@freemail.com,Stewart,Walton,47
"2014-07-07 15:55:25",ian.miller@gmail.com,Miller,Ian,48
"2014-07-07 15:55:25",lee.edwards@freemail.com,Edwards,Lee,49
"2014-07-07 15:55:25",tim.stewart@gmail.com,Stewart,Tim,50
